{
  "selected_system": "Item-Based Collaborative Filtering",
  "rmse": 1.1134335189276257,
  "mae": 0.7069589297878531,
  "coverage": 91.17647058823529
}